{"episode": 400, "difficulty_level": 19, "_runtime": 30, "_timestamp": 1648665482, "_step": 3266, "computation_time": 0.43201446533203125, "average_rewards": 9.15, "average_compute_time": 0.46239247727544897, "_wandb": {"runtime": 30}}