{"computation_time": 0.6029605865478516, "_runtime": 35, "_timestamp": 1644501414, "_step": 26989, "average_rewards": 9.45, "difficulty_level": 19, "average_compute_time": 0.5246770408890917, "_wandb": {"runtime": 36}}