{"Percentage of Reward Decreased": 3.083982929879426, "Percentage of Reward Decreased1": 0.0, "Delay": 0.098, "Reward": 88.2470886431799, "_runtime": 9, "_timestamp": 1651610615, "_step": 49, "_wandb": {"runtime": 10}}