{"episode": 400, "difficulty_level": 19, "_runtime": 82, "_timestamp": 1649239216, "_step": 49784, "computation_time": 0.4649162292480469, "average_rewards": 37.43202252188243, "average_compute_time": 0.4276527634761233, "_wandb": {"runtime": 81}}