{"Percentage of Reward Decreased": 50.07921394004883, "Percentage of Reward Decreased1": 0.0, "Delay": 0.147, "Reward": 1014.2874240638839, "Environment Step Time": 0.003, "_runtime": 9, "_timestamp": 1651613824, "_step": 49, "_wandb": {"runtime": 10}}