{"computation_time": 0.4889965057373047, "_runtime": 28, "_timestamp": 1644430078, "_step": 25174, "average_rewards": 9.65, "difficulty_level": 19, "average_compute_time": 0.4095143540879734, "_wandb": {"runtime": 28}}