{"episode": 400, "difficulty_level": 19, "_runtime": 28, "_timestamp": 1648665813, "_step": 3153, "computation_time": 0.5259513854980469, "average_rewards": 9.55, "average_compute_time": 0.4732424725205568, "_wandb": {"runtime": 28}}