{"Percentage of Reward Decreased": -2.9164536695663856, "Percentage of Reward Decreased1": 0.0, "Delay": 0.49, "Reward": -72.19833182188464, "_runtime": 10, "_timestamp": 1651611572, "_step": 49, "_wandb": {"runtime": 11}}