{"episode": 400, "difficulty_level": 19, "_runtime": 29, "_timestamp": 1648835424, "_step": 5127, "computation_time": 1.1887550354003906, "average_rewards": 16.748506185070628, "average_compute_time": 1.614302972939862, "_wandb": {"runtime": 27}}