{"Percentage of Reward Decreased": -4.293996506435205, "Percentage of Reward Decreased1": 0.0, "Delay": 0.49, "Reward": -243.77922103007586, "_runtime": 10, "_timestamp": 1651611622, "_step": 49, "_wandb": {"runtime": 10}}