{"episode": 400, "difficulty_level": 19, "_runtime": 30, "_timestamp": 1648665865, "_step": 3105, "computation_time": 0.5500316619873047, "average_rewards": 9.0, "average_compute_time": 0.523908000640585, "_wandb": {"runtime": 30}}