{"episode": 400, "difficulty_level": 19, "_runtime": 91, "_timestamp": 1648850819, "_step": 69891, "computation_time": 0.47898292541503906, "average_rewards": 33.324565270804335, "average_compute_time": 0.41872083208154637, "_wandb": {"runtime": 91}}