{"computation_time": 0.4570484161376953, "_runtime": 27, "_timestamp": 1644503326, "_step": 28884, "average_rewards": 9.55, "difficulty_level": 19, "average_compute_time": 0.4506981590899026, "_wandb": {"runtime": 27}}