{"Percentage of Reward Decreased": -0.5814475644625554, "Percentage of Reward Decreased1": 0.0, "Delay": 0.09, "Reward": -61.60000687668336, "_runtime": 7, "_timestamp": 1651611937, "_step": 9, "_wandb": {"runtime": 8}}