{"Percentage of Reward Decreased": 33.82216860801811, "Percentage of Reward Decreased1": 0.0, "Delay": 0.147, "Reward": 1875.9648843724794, "Environment Step Time": 0.003, "_runtime": 10, "_timestamp": 1651613950, "_step": 49, "_wandb": {"runtime": 10}}