{"episode": 60, "difficulty_level": 19, "_runtime": 28, "_timestamp": 1648663582, "_step": 651, "computation_time": 1.1179447174072266, "average_rewards": 7.5, "average_compute_time": 1.0645210012245512, "_wandb": {"runtime": 28}}