{"episode": 400, "difficulty_level": 19, "_runtime": 30, "_timestamp": 1648666921, "_step": 1642, "computation_time": 1.4278888702392578, "average_rewards": 9.35, "average_compute_time": 1.1787830124900307, "_wandb": {"runtime": 30}}