{"episode": 400, "difficulty_level": 19, "_runtime": 28, "_timestamp": 1644922256, "_step": 25861, "computation_time": 0.331878662109375, "average_rewards": 9.6, "average_compute_time": 0.48301395279661785, "_wandb": {"runtime": 29}}