{"Percentage of Reward Decreased": -32.09581433772078, "Percentage of Reward Decreased1": 0.0, "Delay": 0.49, "Reward": -622.1579693405025, "_runtime": 12, "_timestamp": 1651611821, "_step": 49, "_wandb": {"runtime": 12}}