{"returns": {"_type": "histogram", "values": [24, 24, 24, 24, 24, 24, 24, 32, 24, 32, 32, 24, 40, 32, 32, 40, 40, 40, 40, 48, 48, 48, 56, 64, 56, 72, 80, 80, 96, 104, 120, 152], "bins": [1.0, 3.6750636100769043, 6.350127220153809, 9.025190353393555, 11.700254440307617, 14.37531852722168, 17.05038070678711, 19.725444793701172, 22.400508880615234, 25.075572967529297, 27.75063705444336, 30.42569923400879, 33.10076141357422, 35.77582550048828, 38.450889587402344, 41.125953674316406, 43.80101776123047, 46.47608184814453, 49.151145935058594, 51.826210021972656, 54.50127410888672, 57.176334381103516, 59.85139846801758, 62.52646255493164, 65.20152282714844, 67.8765869140625, 70.55165100097656, 73.22671508789062, 75.90177917480469, 78.57684326171875, 81.25190734863281, 83.92697143554688, 86.60203552246094]}, "_runtime": 170, "_timestamp": 1643905910, "_step": 1202, "advantages": {"_type": "histogram", "values": [1, 0, 0, 0, 0, 0, 0, 0, 1, 0, 0, 0, 0, 0, 0, 0, 1, 0, 0, 0, 0, 1, 0, 0, 0, 0, 0, 2, 8, 143, 1387, 56], "bins": [-27.683034896850586, -26.768104553222656, -25.85317611694336, -24.93824577331543, -24.023317337036133, -23.108386993408203, -22.193458557128906, -21.278528213500977, -20.363597869873047, -19.44866943359375, -18.53373908996582, -17.618810653686523, -16.703880310058594, -15.78895092010498, -14.874021530151367, -13.959092140197754, -13.04416275024414, -12.129233360290527, -11.214303970336914, -10.2993745803833, -9.384445190429688, -8.469514846801758, -7.5545854568481445, -6.639656066894531, -5.724726676940918, -4.809797286987305, -3.8948676586151123, -2.97993803024292, -2.0650086402893066, -1.1500791311264038, -0.23514962196350098, 0.6797798871994019, 1.5947093963623047]}, "total_rewards": [191.5, 191.125, 191.25, 190.75, 191.25, 191.125, 189.5, 189.875, 188.75, 186.75, 185.25, 184.25, 185.5, 185.75, 189.0, 189.25, 189.75, 189.5, 187.0, 185.5, 187.0, 189.125, 191.0, 190.75, 190.25, 188.625, 188.375, 187.875, 189.75, 191.25, 190.5, 189.25, 188.75, 190.625, 190.75, 190.375, 190.625, 190.25, 191.625, 191.5, 189.875, 189.375, 191.0, 191.625, 190.75, 190.75, 191.25, 191.625, 190.625, 191.75, 191.5, 191.0, 192.5, 192.125, 192.375, 193.0, 192.0, 193.25, 192.625, 192.0, 193.875, 193.375, 192.125, 193.25, 193.25, 193.625, 194.125, 193.5, 194.375, 194.0, 193.75, 194.5, 195.0, 193.0, 194.25, 195.125, 194.375, 195.125, 195.625, 195.375, 195.375, 195.625, 195.375, 196.125, 194.625, 196.0, 196.125, 195.625, 196.25, 195.375, 196.375, 195.625, 195.75, 196.25, 195.75, 195.875, 197.125, 196.875, 197.0, 196.375, 196.125, 197.0, 196.5, 196.75, 197.0, 197.625, 196.625, 197.0, 197.0, 196.875, 197.5, 197.375, 197.0, 197.125, 197.125, 197.25, 197.5, 197.5, 197.75, 197.125, 197.625, 197.875, 197.375, 197.875, 197.625, 198.125, 198.0, 196.875, 197.375, 197.875, 197.75, 197.625, 198.125, 197.125, 197.75, 197.625, 198.375, 198.375, 198.25, 198.0, 198.125, 198.0, 197.75, 198.125, 198.125, 197.875, 198.0, 198.5, 197.875, 197.875, 198.0, 198.25, 198.5, 198.375, 198.0, 198.375, 198.375, 198.375, 198.125, 198.375, 198.625, 198.5, 198.5, 198.25, 198.375, 198.75, 198.625, 198.75, 198.875, 198.25, 198.625, 198.25, 198.75, 198.25, 198.5, 198.125, 198.75, 198.5, 198.625, 198.875, 198.625, 198.625, 198.625, 198.5, 198.875, 199.0, 198.875, 198.875, 199.0, 199.0, 199.0, 199.0, 198.625, 198.75, 198.5, 198.75, 199.0, 198.625, 198.125, 199.0, 198.875, 199.0, 198.5, 198.875, 198.75, 198.875, 199.0, 199.0, 198.75, 198.875, 198.875, 199.0, 199.0, 199.125, 198.875, 199.0, 199.0, 199.0, 199.0, 199.0, 199.0, 199.125, 199.0, 199.0, 199.0, 199.0, 199.125, 199.125, 199.0, 199.125, 199.0, 199.0, 199.0, 198.875, 199.125, 198.625, 199.0, 199.0, 199.0, 199.125, 199.125, 199.0, 199.0, 199.25, 199.0, 199.125, 199.0, 199.0, 199.0, 199.0, 199.0, 199.0, 199.0, 198.875, 199.125, 199.0, 199.0, 199.0, 199.25, 199.125, 199.125, 199.0, 199.0, 199.0, 199.0, 199.125, 198.875, 199.0, 199.125, 199.0, 199.0, 199.0, 199.0, 199.0, 199.25, 199.125, 199.5, 199.5, 199.5, 199.25, 199.875, 199.375, 199.125, 199.25, 198.875, 199.0, 199.0, 199.0, 199.0, 199.0, 199.0, 199.0, 198.875, 199.125, 199.125, 199.0, 199.25, 199.125, 199.125, 199.5, 199.25, 199.625, 200.0, 199.5, 199.75, 199.875, 199.75, 199.875, 199.75, 199.875, 199.875, 199.875, 199.875, 199.625, 199.75, 199.625, 199.5, 199.125, 199.0, 199.125, 198.875, 199.125, 199.25, 199.25, 199.125, 199.5, 199.5, 199.5, 199.625, 199.75, 199.75, 200.0, 199.875, 200.0, 200.0, 200.0, 199.875, 199.875, 200.0, 199.375, 199.75, 200.0, 199.875, 199.75, 200.0, 199.75, 200.0, 199.75, 199.875, 199.75, 199.875, 199.5, 199.625, 199.5, 199.0, 199.125, 199.0, 198.875, 199.0, 199.0, 199.0, 199.0, 199.0, 199.0, 199.125, 199.125, 199.375, 199.375, 199.25, 199.375, 199.625, 199.625, 199.25, 199.75, 199.875, 199.75, 200.0, 200.0, 199.875, 200.0, 200.0, 200.0, 200.0, 200.0, 199.875, 199.875, 200.0, 199.875, 199.875, 200.0, 199.875, 200.0, 200.0, 200.0, 200.0, 199.875, 200.0, 200.0, 200.0, 200.0, 200.0]}