{"Percentage of Reward Decreased": 37.946978695302356, "Percentage of Reward Decreased1": 0.0, "Delay": 0.147, "Reward": 1154.223767389766, "_runtime": 8, "_timestamp": 1651612260, "_step": 49, "_wandb": {"runtime": 8}}