{"Percentage of Reward Decreased": 6.400686428853618, "Percentage of Reward Decreased1": 0.0, "Delay": 0.098, "Reward": 91.33656760278079, "_runtime": 8, "_timestamp": 1651610296, "_step": 49, "_wandb": {"runtime": 9}}