{"computation_time": 0.30803680419921875, "_runtime": 19, "_timestamp": 1644502114, "_step": 15457, "average_rewards": 27.85, "difficulty_level": 19, "average_compute_time": 0.2784262885313435, "_wandb": {"runtime": 20}}