{"Percentage of Reward Decreased": 0.7217066189397732, "Percentage of Reward Decreased1": 0.0, "Delay": 0.49, "Reward": 49.11007843837071, "_runtime": 9, "_timestamp": 1651612013, "_step": 49, "_wandb": {"runtime": 10}}