{"computation_time": 0.5700588226318359, "_runtime": 30, "_timestamp": 1644503135, "_step": 25550, "average_rewards": 9.75, "difficulty_level": 19, "average_compute_time": 0.49842774891358377, "_wandb": {"runtime": 31}}