{"computation_time": 0.3979206085205078, "_runtime": 18, "_timestamp": 1644430010, "_step": 11389, "average_rewards": 9.8, "difficulty_level": 19, "average_compute_time": 0.399610677278391, "_wandb": {"runtime": 17}}