{"episode": 60, "difficulty_level": 19, "_runtime": 29, "_timestamp": 1648663813, "_step": 587, "computation_time": 1.6829967498779297, "average_rewards": 9.666666666666666, "average_compute_time": 1.2062108493180435, "_wandb": {"runtime": 28}}