{"episode": 400, "difficulty_level": 19, "_runtime": 104, "_timestamp": 1648850482, "_step": 80495, "computation_time": 0.47016143798828125, "average_rewards": 33.27090438579422, "average_compute_time": 0.39467169648217215, "_wandb": {"runtime": 104}}