{"computation_time": 0.17499923706054688, "_runtime": 18, "_timestamp": 1644502031, "_step": 15761, "average_rewards": 14.5, "difficulty_level": 19, "average_compute_time": 0.2842528810495646, "_wandb": {"runtime": 19}}