{"episode": 400, "difficulty_level": 19, "_runtime": 36, "_timestamp": 1648666487, "_step": 1698, "computation_time": 0.8540153503417969, "average_rewards": 9.1, "average_compute_time": 1.0728455485312591, "_wandb": {"runtime": 36}}