{"Percentage of Reward Decreased": 25.904910440525185, "Percentage of Reward Decreased1": 0.0, "Delay": 0.147, "Reward": 1320.1643467581084, "Environment Step Time": 0.003, "_runtime": 12, "_timestamp": 1651613496, "_step": 49, "_wandb": {"runtime": 13}}