{"computation_time": 0.370025634765625, "_runtime": 31, "_timestamp": 1644501317, "_step": 21278, "average_rewards": 9.7, "difficulty_level": 19, "average_compute_time": 0.4891611040563796, "_wandb": {"runtime": 32}}