{"computation_time": 0.45800209045410156, "_runtime": 25, "_timestamp": 1644429900, "_step": 17800, "average_rewards": 9.8, "difficulty_level": 19, "average_compute_time": 0.45482318500566, "_wandb": {"runtime": 26}}