{"Percentage of Reward Decreased": 100.70477681379788, "Percentage of Reward Decreased1": 0.0, "Delay": 0.49, "Reward": -56.6810204954853, "Environment Step Time": 0.01, "_runtime": 30, "_timestamp": 1653601835, "_step": 49, "_wandb": {"runtime": 30}}