{"Percentage of Reward Decreased": -3.0477640422717487, "Percentage of Reward Decreased1": 0.0, "Delay": 0.49, "Reward": -75.72617971754286, "_runtime": 13, "_timestamp": 1651611513, "_step": 49, "_wandb": {"runtime": 13}}