{"Percentage of Reward Decreased": 5.011757827290195, "Percentage of Reward Decreased1": 0.0, "Delay": 0.098, "Reward": 149.04908015347402, "_runtime": 9, "_timestamp": 1651610426, "_step": 49, "_wandb": {"runtime": 9}}