{"Percentage of Reward Decreased": 9.6098440483731, "Percentage of Reward Decreased1": 0.0, "Delay": 0.018000000000000002, "Reward": 70.38931626888088, "_runtime": 8, "_timestamp": 1651610661, "_step": 9, "_wandb": {"runtime": 8}}