{"Percentage of Reward Decreased": -0.8161400812124129, "Percentage of Reward Decreased1": 0.0, "Delay": 0.09, "Reward": -86.31419154708928, "_runtime": 7, "_timestamp": 1651611953, "_step": 9, "_wandb": {"runtime": 8}}