{"episode": 400, "difficulty_level": 19, "_runtime": 91, "_timestamp": 1648850970, "_step": 64606, "computation_time": 0.40221214294433594, "average_rewards": 36.719173530297766, "average_compute_time": 0.43708073198786035, "_wandb": {"runtime": 92}}