{"computation_time": 0.15306472778320312, "_runtime": 14, "_timestamp": 1644502185, "_step": 11621, "average_rewards": 18.3, "difficulty_level": 19, "average_compute_time": 0.29683462474564215, "_wandb": {"runtime": 15}}