{"Percentage of Reward Decreased": 0.0, "Delay": 0.018000000000000002, "Reward": 28.7022366951104, "_runtime": 9, "_timestamp": 1651586992, "_step": 9, "_wandb": {"runtime": 10}}