{"Percentage of Reward Decreased": -2.5496787531154363, "Percentage of Reward Decreased1": 0.0, "Delay": 0.49, "Reward": -201.35575395333015, "_runtime": 11, "_timestamp": 1651611599, "_step": 49, "_wandb": {"runtime": 12}}