{"Percentage of Reward Decreased": 6.340127687004496, "Percentage of Reward Decreased1": 0.0, "Delay": 0.098, "Reward": 90.13793095625712, "_runtime": 11, "_timestamp": 1651610169, "_step": 49, "_wandb": {"runtime": 12}}