{"episode": 400, "difficulty_level": 19, "_runtime": 33, "_timestamp": 1648664621, "_step": 4144, "computation_time": 0.9429454803466797, "average_rewards": 9.45, "average_compute_time": 1.038933478928022, "_wandb": {"runtime": 34}}