{"Percentage of Reward Decreased": 0.7980812781056646, "Percentage of Reward Decreased1": 0.0, "Delay": 0.018000000000000002, "Reward": 28.7022366951104, "_runtime": 6, "_timestamp": 1651610441, "_step": 9, "_wandb": {"runtime": 7}}