{"Percentage of Reward Decreased": 40.232185285926334, "Percentage of Reward Decreased1": 0.0, "Delay": 0.147, "Reward": 1175.0236369465579, "_runtime": 16, "_timestamp": 1651612239, "_step": 49, "_wandb": {"runtime": 16}}