{"computation_time": 0.4410743713378906, "_runtime": 36, "_timestamp": 1644501684, "_step": 29958, "average_rewards": 9.5, "difficulty_level": 19, "average_compute_time": 0.5088738126039298, "_wandb": {"runtime": 37}}