{"Percentage of Reward Decreased": 39.248087210628746, "Percentage of Reward Decreased1": 0.0, "Delay": 0.147, "Reward": 1124.1881038350587, "_runtime": 17, "_timestamp": 1651612185, "_step": 49, "_wandb": {"runtime": 17}}