{"Percentage of Reward Decreased": 0.8156832630017361, "Percentage of Reward Decreased1": 0.0, "Delay": 0.018000000000000002, "Reward": 29.338742731282423, "_runtime": 5, "_timestamp": 1651610455, "_step": 9, "_wandb": {"runtime": 7}}