{"computation_time": 0.7989406585693359, "_runtime": 39, "_timestamp": 1644501599, "_step": 27784, "average_rewards": 9.6, "difficulty_level": 19, "average_compute_time": 0.5943087589635988, "_wandb": {"runtime": 39}}