{"episode": 400, "difficulty_level": 19, "_runtime": 33, "_timestamp": 1648664758, "_step": 4080, "computation_time": 0.9899139404296875, "average_rewards": 9.3, "average_compute_time": 1.0507956228621018, "_wandb": {"runtime": 34}}