{"computation_time": 0.2601146697998047, "_runtime": 15, "_timestamp": 1644501948, "_step": 12412, "average_rewards": 18.05, "difficulty_level": 19, "average_compute_time": 0.31980183372349796, "_wandb": {"runtime": 15}}