{"Percentage of Reward Decreased": -0.597880967053076, "Percentage of Reward Decreased1": 0.0, "Delay": 0.49, "Reward": -41.01190981651247, "_runtime": 13, "_timestamp": 1651611994, "_step": 49, "_wandb": {"runtime": 13}}