{"episode": 400, "difficulty_level": 19, "_runtime": 37, "_timestamp": 1644921791, "_step": 33849, "computation_time": 0.3380775451660156, "average_rewards": 9.55, "average_compute_time": 0.46088965190380904, "_wandb": {"runtime": 36}}