{"episode": 17, "difficulty_level": 0, "_runtime": 182, "_timestamp": 1649239912, "_step": 104611, "computation_time": 0.4458427429199219, "average_rewards": 36.76359086930224, "average_compute_time": 0.5070285567857551}