{"Percentage of Reward Decreased": 35.836208329171484, "Percentage of Reward Decreased1": 0.0, "Delay": 0.147, "Reward": 1990.0224531904878, "Environment Step Time": 0.003, "_runtime": 10, "_timestamp": 1651613929, "_step": 49, "_wandb": {"runtime": 10}}