{"episode": 400, "difficulty_level": 19, "_runtime": 31, "_timestamp": 1648665553, "_step": 2935, "computation_time": 0.7531642913818359, "average_rewards": 9.25, "average_compute_time": 0.5171516069598037, "_wandb": {"runtime": 30}}