{"episode": 400, "difficulty_level": 19, "_runtime": 95, "_timestamp": 1648851520, "_step": 71684, "computation_time": 0.4572868347167969, "average_rewards": 6.306156859426155, "average_compute_time": 0.4220919647610771, "_wandb": {"runtime": 95}}