{"Percentage of Reward Decreased": 0.0, "Percentage of Reward Decreased1": 0.0, "Delay": 0.018000000000000002, "Reward": 29.338742731282423, "_runtime": 11, "_timestamp": 1651592281, "_step": 9, "_wandb": {"runtime": 12}}