{"episode": 400, "difficulty_level": 19, "_runtime": 88, "_timestamp": 1649238415, "_step": 59800, "computation_time": 0.7159709930419922, "average_rewards": 35.016548580506495, "average_compute_time": 0.4276080940981512, "_wandb": {"runtime": 88}}