{"Percentage of Reward Decreased": -6.83195921289316, "Percentage of Reward Decreased1": 0.0, "Delay": 0.09, "Reward": -165.56444382841948, "_runtime": 7, "_timestamp": 1651612822, "_step": 9, "_wandb": {"runtime": 8}}