{"episode": 400, "difficulty_level": 19, "_runtime": 26, "_timestamp": 1648666344, "_step": 1693, "computation_time": 0.9779930114746094, "average_rewards": 9.35, "average_compute_time": 1.124773452531046, "_wandb": {"runtime": 26}}