{"Percentage of Reward Decreased": 7.560951343595661, "Percentage of Reward Decreased1": 0.0, "Delay": 0.098, "Reward": 230.20714233879193, "_runtime": 9, "_timestamp": 1651610388, "_step": 49, "_wandb": {"runtime": 10}}