{"returns": {"_type": "histogram", "values": [18, 24, 24, 24, 24, 24, 24, 32, 24, 32, 32, 32, 32, 32, 32, 40, 40, 40, 40, 48, 48, 56, 48, 64, 64, 72, 72, 88, 88, 112, 121, 149], "bins": [0.0, 2.7071893215179443, 5.414378643035889, 8.121567726135254, 10.828757286071777, 13.5359468460083, 16.243135452270508, 18.95032501220703, 21.657514572143555, 24.364704132080078, 27.0718936920166, 29.779083251953125, 32.486270904541016, 35.19346237182617, 37.90065002441406, 40.60784149169922, 43.31502914428711, 46.022216796875, 48.729408264160156, 51.43659591674805, 54.1437873840332, 56.850975036621094, 59.55816650390625, 62.26535415649414, 64.97254180908203, 67.67973327636719, 70.38692474365234, 73.09410858154297, 75.80130004882812, 78.50849151611328, 81.21568298339844, 83.92286682128906, 86.63005828857422]}, "_runtime": 178, "_timestamp": 1642979501, "_step": 1202, "advantages": {"_type": "histogram", "values": [1, 0, 0, 0, 0, 0, 0, 0, 0, 0, 0, 0, 0, 0, 0, 0, 0, 1, 0, 0, 0, 0, 0, 0, 0, 0, 2, 11, 56, 1091, 409, 29], "bins": [-30.599367141723633, -29.56930923461914, -28.53925132751465, -27.509193420410156, -26.479135513305664, -25.44907569885254, -24.419017791748047, -23.388959884643555, -22.358901977539062, -21.32884407043457, -20.298786163330078, -19.268728256225586, -18.238670349121094, -17.2086124420166, -16.17855453491211, -15.1484956741333, -14.118437767028809, -13.088379859924316, -12.058320999145508, -11.028263092041016, -9.998205184936523, -8.968147277832031, -7.938088893890381, -6.908030986785889, -5.877972602844238, -4.847914695739746, -3.817856550216675, -2.7877984046936035, -1.7577402591705322, -0.7276822328567505, 0.3023758828639984, 1.3324339389801025, 2.362492084503174]}, "total_rewards": [191.5, 191.125, 191.25, 191.25, 191.0, 190.5, 189.625, 189.375, 188.625, 187.25, 186.375, 185.625, 186.375, 186.375, 189.5, 190.0, 190.25, 190.0, 189.0, 187.125, 188.75, 190.625, 190.75, 190.125, 189.875, 188.5, 188.75, 191.125, 191.375, 190.625, 189.375, 188.375, 189.125, 191.375, 191.125, 188.75, 189.75, 190.125, 190.875, 191.875, 190.375, 191.5, 191.375, 190.875, 190.625, 191.125, 191.0, 190.875, 190.875, 192.0, 192.25, 191.0, 192.75, 192.75, 192.875, 193.125, 192.875, 193.625, 194.375, 191.75, 193.375, 194.25, 193.625, 193.5, 192.375, 194.125, 193.75, 193.125, 194.125, 194.25, 194.75, 194.25, 194.0, 194.0, 194.875, 194.625, 194.25, 195.625, 195.5, 195.375, 196.0, 196.375, 195.5, 195.5, 195.0, 196.375, 195.875, 195.75, 195.75, 195.875, 195.875, 196.0, 195.875, 195.625, 195.875, 196.375, 197.0, 196.75, 196.375, 196.625, 195.75, 196.25, 196.875, 196.625, 197.0, 197.625, 197.375, 197.125, 197.0, 197.75, 197.25, 197.25, 197.5, 197.625, 196.875, 197.375, 197.125, 198.0, 197.75, 197.25, 196.75, 198.25, 197.25, 197.625, 197.625, 197.625, 198.25, 197.5, 197.875, 198.0, 198.375, 198.125, 198.125, 198.0, 198.25, 197.75, 198.125, 197.75, 198.0, 198.25, 197.75, 198.25, 197.75, 198.625, 197.625, 198.5, 198.625, 198.375, 198.375, 198.625, 198.375, 198.375, 198.25, 198.125, 198.5, 198.5, 198.25, 198.25, 198.5, 198.25, 198.125, 198.5, 198.75, 198.375, 198.375, 198.75, 198.5, 198.875, 198.875, 198.75, 198.625, 198.625, 198.5, 198.625, 198.625, 198.5, 198.625, 198.875, 199.0, 199.125, 198.625, 198.75, 198.75, 199.25, 198.75, 198.75, 198.875, 199.0, 199.0, 198.875, 198.875, 198.875, 198.875, 198.875, 198.75, 199.0, 198.75, 199.0, 198.625, 198.875, 198.75, 199.0, 198.875, 199.0, 199.0, 199.0, 198.875, 198.75, 199.0, 199.0, 198.875, 199.0, 198.75, 199.0, 199.25, 199.0, 199.0, 199.0, 199.0, 199.0, 199.0, 198.875, 199.0, 199.0, 199.0, 199.0, 199.0, 199.0, 199.0, 199.0, 199.25, 199.0, 198.875, 199.0, 199.0, 199.0, 199.0, 199.0, 199.0, 199.125, 198.875, 199.0, 198.75, 199.0, 199.0, 199.0, 198.875, 199.0, 199.0, 199.0, 199.0, 199.0, 199.0, 199.25, 198.875, 199.25, 199.125, 199.25, 199.375, 199.25, 199.125, 199.125, 199.125, 199.0, 199.0, 199.0, 199.0, 199.0, 199.0, 199.0, 199.0, 199.0, 199.0, 199.0, 199.0, 199.0, 199.0, 199.0, 199.125, 199.0, 199.125, 199.25, 199.0, 199.625, 199.25, 199.5, 199.5, 199.25, 199.875, 199.25, 199.75, 199.75, 199.625, 199.375, 199.5, 199.5, 199.125, 199.25, 199.25, 199.0, 199.125, 199.375, 199.125, 199.0, 199.375, 199.375, 199.5, 199.375, 199.125, 199.0, 199.0, 199.25, 199.125, 199.25, 199.375, 199.125, 199.125, 199.125, 199.25, 199.375, 199.375, 199.25, 199.5, 199.625, 199.75, 199.625, 199.5, 200.0, 199.875, 199.875, 199.75, 199.875, 199.5, 200.0, 199.75, 199.75, 199.75, 199.75, 199.625, 199.5, 199.75, 199.625, 199.375, 199.875, 199.75, 199.125, 199.0, 199.0, 199.0, 199.125, 199.25, 199.0, 199.5, 199.375, 199.375, 199.875, 199.625, 199.875, 199.875, 199.375, 199.0, 199.0, 199.125, 199.75, 199.75, 199.875, 199.875, 199.75, 199.875, 199.875, 200.0, 199.875, 200.0, 200.0, 200.0, 199.875, 200.0, 200.0, 200.0, 200.0, 200.0, 200.0, 199.875, 199.875, 200.0, 200.0, 200.0, 200.0, 199.875, 199.875, 199.875, 199.875, 199.875, 199.375, 199.875, 199.75, 200.0, 199.875, 199.875, 199.875, 199.75]}