{"Percentage of Reward Decreased": 2.585796759313357, "Percentage of Reward Decreased1": 0.0, "Delay": 0.098, "Reward": 74.14598655532042, "_runtime": 10, "_timestamp": 1651610644, "_step": 49, "_wandb": {"runtime": 11}}