{"Percentage of Reward Decreased": 6.965159292424612, "Percentage of Reward Decreased1": 0.0, "Delay": 0.027, "Reward": 372.8036780011092, "Environment Step Time": 0.003, "_runtime": 8, "_timestamp": 1651614163, "_step": 9, "_wandb": {"runtime": 9}}