{"episode": 400, "difficulty_level": 19, "_runtime": 29, "_timestamp": 1648665754, "_step": 2992, "computation_time": 0.47898292541503906, "average_rewards": 9.45, "average_compute_time": 0.58277222453899, "_wandb": {"runtime": 29}}