{"Percentage of Reward Decreased": 8.195170113477506, "Percentage of Reward Decreased1": 0.0, "Delay": 0.098, "Reward": 232.33747748095016, "_runtime": 10, "_timestamp": 1651610408, "_step": 49, "_wandb": {"runtime": 10}}