{"computation_time": 0.6968975067138672, "_runtime": 33, "_timestamp": 1644502930, "_step": 24844, "average_rewards": 9.7, "difficulty_level": 19, "average_compute_time": 0.607447233501266, "_wandb": {"runtime": 34}}