{"computation_time": 0.6430149078369141, "_runtime": 28, "_timestamp": 1644502797, "_step": 19986, "average_rewards": 9.75, "difficulty_level": 19, "average_compute_time": 0.5603945113178915, "_wandb": {"runtime": 29}}