{"computation_time": 0.5919933319091797, "_runtime": 27, "_timestamp": 1644503404, "_step": 26940, "average_rewards": 9.8, "difficulty_level": 19, "average_compute_time": 0.48978272022853814, "_wandb": {"runtime": 27}}