{"Percentage of Reward Decreased": 6.965159292424612, "Percentage of Reward Decreased1": 0.0, "Delay": 0.027, "Reward": 372.8036780011092, "Environment Step Time": 0.003, "_runtime": 9, "_timestamp": 1653334336, "_step": 9, "_wandb": {"runtime": 16}}