{"Percentage of Reward Decreased": 0.0, "Delay": 0.018000000000000002, "Reward": 32.89478268239051, "_runtime": 13, "_timestamp": 1651586943, "_step": 9, "_wandb": {"runtime": 14}}