{"episode": 400, "difficulty_level": 19, "_runtime": 74, "_timestamp": 1649240020, "_step": 49680, "computation_time": 0.5369186401367188, "average_rewards": 41.86955904421218, "average_compute_time": 0.4268692704269279, "_wandb": {"runtime": 75}}