{"episode": 400, "difficulty_level": 19, "_runtime": 33, "_timestamp": 1648664702, "_step": 3429, "computation_time": 0.8001327514648438, "average_rewards": 9.4, "average_compute_time": 1.0823079936723845, "_wandb": {"runtime": 32}}