{"episode": 400, "difficulty_level": 19, "_runtime": 26, "_timestamp": 1648836059, "_step": 6686, "computation_time": 1.8041133880615234, "average_rewards": 18.7498072138118, "average_compute_time": 1.4304050119243565, "_wandb": {"runtime": 26}}