{"episode": 400, "difficulty_level": 19, "_runtime": 27, "_timestamp": 1648835201, "_step": 4752, "computation_time": 5.997896194458008, "average_rewards": 12.552636622239344, "average_compute_time": 1.7345998425893177, "_wandb": {"runtime": 26}}