{"Percentage of Reward Decreased": 6.414805079036742, "Percentage of Reward Decreased1": 0.0, "Delay": 0.027, "Reward": 342.9691618766497, "Environment Step Time": 0.003, "_runtime": 11, "_timestamp": 1651613909, "_step": 9, "_wandb": {"runtime": 11}}