{"returns": {"_type": "histogram", "values": [24, 24, 24, 24, 24, 24, 24, 32, 24, 32, 32, 32, 32, 32, 32, 40, 40, 40, 48, 40, 48, 56, 56, 56, 64, 72, 72, 88, 128, 154, 104, 78], "bins": [0.0, 2.710641622543335, 5.42128324508667, 8.131924629211426, 10.84256649017334, 13.553208351135254, 16.26384925842285, 18.974491119384766, 21.68513298034668, 24.395774841308594, 27.106416702270508, 29.817058563232422, 32.5276985168457, 35.23834228515625, 37.94898223876953, 40.65962600708008, 43.37026596069336, 46.08090591430664, 48.79154968261719, 51.50218963623047, 54.212833404541016, 56.9234733581543, 59.634117126464844, 62.344757080078125, 65.0553970336914, 67.76603698730469, 70.4766845703125, 73.18732452392578, 75.89796447753906, 78.60860443115234, 81.31925201416016, 84.02989196777344, 86.74053192138672]}, "_runtime": 192, "_timestamp": 1643903505, "_step": 1202, "advantages": {"_type": "histogram", "values": [1, 0, 0, 0, 0, 0, 0, 1, 0, 1, 0, 0, 2, 0, 1, 0, 1, 0, 1, 1, 0, 5, 2, 8, 93, 186, 761, 441, 72, 4, 7, 12], "bins": [-16.93332862854004, -16.297143936157227, -15.660961151123047, -15.024776458740234, -14.388592720031738, -13.752408981323242, -13.116225242614746, -12.48004150390625, -11.843856811523438, -11.207673072814941, -10.571489334106445, -9.93530559539795, -9.299120903015137, -8.66293716430664, -8.026753425598145, -7.390569686889648, -6.754385471343994, -6.118201732635498, -5.482017517089844, -4.845833778381348, -4.209650039672852, -3.5734658241271973, -2.937281847000122, -2.301098108291626, -1.6649141311645508, -1.0287301540374756, -0.3925461769104004, 0.24363774061203003, 0.8798216581344604, 1.5160056352615356, 2.1521894931793213, 2.7883734703063965, 3.4245574474334717]}, "total_rewards": [191.5, 191.125, 191.25, 190.125, 190.5, 189.5, 188.75, 189.75, 187.75, 185.625, 184.375, 184.375, 184.75, 185.125, 187.5, 191.25, 190.125, 190.625, 189.25, 187.25, 188.375, 190.75, 191.0, 191.75, 189.75, 189.25, 189.5, 191.0, 192.0, 191.875, 191.0, 188.5, 189.0, 190.375, 190.875, 191.0, 189.875, 190.0, 190.375, 191.75, 189.5, 190.625, 191.125, 191.125, 191.0, 192.5, 191.75, 192.25, 190.875, 191.875, 193.0, 190.875, 192.0, 191.875, 192.75, 193.125, 193.75, 192.0, 192.625, 192.875, 193.25, 193.25, 192.5, 193.125, 193.5, 194.625, 193.625, 194.125, 195.125, 195.25, 194.5, 193.875, 194.375, 195.0, 194.0, 195.875, 195.0, 195.0, 194.75, 195.625, 195.0, 196.125, 194.75, 195.625, 196.125, 196.25, 195.125, 196.125, 196.125, 194.75, 196.0, 195.875, 195.625, 196.0, 195.75, 196.125, 196.0, 196.5, 196.0, 196.0, 195.875, 196.25, 196.625, 196.75, 196.375, 196.5, 197.125, 197.25, 197.125, 197.5, 196.5, 196.375, 196.625, 197.5, 196.875, 197.75, 196.875, 197.0, 197.875, 197.625, 196.5, 197.25, 197.25, 197.5, 197.375, 197.625, 197.625, 197.375, 197.5, 198.0, 198.0, 197.5, 197.0, 197.875, 198.0, 197.5, 197.875, 197.875, 197.625, 197.25, 198.25, 198.125, 198.0, 198.0, 197.625, 197.625, 198.0, 198.0, 197.875, 198.25, 198.5, 198.0, 198.5, 198.125, 198.0, 198.125, 198.625, 198.125, 198.125, 198.375, 198.25, 198.125, 198.375, 198.375, 198.0, 198.5, 198.25, 198.625, 198.875, 198.5, 198.75, 198.125, 198.25, 198.625, 198.5, 198.375, 198.5, 198.125, 198.25, 198.5, 198.125, 198.75, 198.75, 198.75, 198.5, 198.875, 198.375, 198.625, 199.125, 199.0, 198.5, 198.625, 198.75, 198.75, 198.75, 198.25, 198.75, 199.0, 198.25, 198.625, 198.25, 198.75, 198.0, 199.25, 198.5, 198.875, 198.875, 198.5, 198.875, 199.25, 199.0, 199.125, 199.0, 198.625, 198.875, 198.875, 199.0, 198.75, 198.375, 198.5, 198.875, 198.875, 199.0, 199.375, 199.25, 198.75, 198.625, 199.125, 198.75, 199.125, 198.625, 199.625, 199.5, 198.375, 198.875, 198.875, 198.75, 199.0, 199.0, 198.625, 198.875, 198.75, 198.875, 199.0, 199.125, 199.0, 199.0, 199.0, 199.375, 199.0, 198.75, 198.625, 198.75, 198.875, 199.0, 198.875, 199.375, 198.75, 198.75, 199.375, 198.875, 199.25, 199.0, 199.0, 199.0, 199.0, 199.125, 198.625, 199.25, 198.875, 199.25, 198.75, 199.0, 198.875, 199.0, 199.0, 199.125, 199.0, 199.125, 199.375, 199.5, 199.5, 199.125, 199.375, 199.375, 199.0, 199.375, 199.0, 199.0, 199.125, 199.25, 198.875, 199.0, 199.0, 199.125, 199.5, 199.25, 199.375, 199.125, 199.125, 199.25, 199.375, 199.25, 199.375, 199.25, 199.25, 199.5, 199.5, 199.625, 199.375, 199.125, 199.125, 199.375, 199.625, 199.0, 199.25, 199.125, 199.0, 199.375, 198.875, 199.0, 199.125, 198.875, 199.0, 199.0, 199.0, 199.0, 199.25, 199.125, 199.375, 199.5, 199.375, 199.375, 199.5, 199.625, 199.375, 199.125, 199.375, 199.125, 199.125, 199.0, 199.125, 199.125, 198.875, 199.0, 199.125, 199.125, 199.25, 199.25, 199.125, 199.25, 199.625, 199.5, 199.125, 199.5, 199.75, 199.75, 199.5, 199.625, 199.625, 199.75, 199.5, 199.125, 199.0, 199.0, 199.25, 199.25, 199.0, 199.0, 198.875, 199.0, 199.0, 199.125, 199.375, 199.0, 199.125, 199.25, 199.0, 199.125, 199.0, 198.875, 199.0, 199.125, 199.25, 199.25, 199.5, 199.25, 199.375, 199.375, 199.5, 199.25, 199.125, 199.125, 199.25, 199.0, 199.125, 199.25, 199.25, 199.75, 199.25, 199.0]}