{"Percentage of Reward Decreased": 7.482636463697596, "Percentage of Reward Decreased1": 0.0, "Delay": 0.098, "Reward": 208.41298039567445, "_runtime": 11, "_timestamp": 1651610347, "_step": 49, "_wandb": {"runtime": 11}}