{"episode": 400, "difficulty_level": 19, "_runtime": 30, "_timestamp": 1648666416, "_step": 1830, "computation_time": 1.31988525390625, "average_rewards": 9.25, "average_compute_time": 1.1642023181238919, "_wandb": {"runtime": 30}}