{"Percentage of Reward Decreased": 0.9145579263387169, "Percentage of Reward Decreased1": 0.0, "Delay": 0.018000000000000002, "Reward": 32.89478268239051, "_runtime": 9, "_timestamp": 1651610473, "_step": 9, "_wandb": {"runtime": 9}}