{"Percentage of Reward Decreased": 2.588869514692655, "Percentage of Reward Decreased1": 0.0, "Delay": 0.098, "Reward": 74.25454655362645, "_runtime": 12, "_timestamp": 1651610494, "_step": 49, "_wandb": {"runtime": 12}}