{"Percentage of Reward Decreased": -6.443380485038495, "Percentage of Reward Decreased1": 0.0, "Delay": 0.49, "Reward": -365.6717020183331, "_runtime": 10, "_timestamp": 1651611640, "_step": 49, "_wandb": {"runtime": 10}}