{"computation_time": 0.3867149353027344, "_runtime": 34, "_timestamp": 1644501485, "_step": 27871, "average_rewards": 10.2, "difficulty_level": 19, "average_compute_time": 0.5031155579428516, "_wandb": {"runtime": 35}}