{"Percentage of Reward Decreased": 0.0, "Delay": 0.018000000000000002, "Reward": 70.38931626888088, "_runtime": 12, "_timestamp": 1651589115, "_step": 9, "_wandb": {"runtime": 13}}