{"episode": 400, "difficulty_level": 19, "_runtime": 100, "_timestamp": 1648850647, "_step": 82887, "computation_time": 0.61798095703125, "average_rewards": 35.46948840810994, "average_compute_time": 0.37607333464891196, "_wandb": {"runtime": 100}}