{"episode": 400, "difficulty_level": 19, "_runtime": 94, "_timestamp": 1648851137, "_step": 73503, "computation_time": 0.347137451171875, "average_rewards": 33.93743851132187, "average_compute_time": 0.405046855454185, "_wandb": {"runtime": 93}}