{"episode": 6, "difficulty_level": 1, "_runtime": 27, "_timestamp": 1648662743, "_step": 251, "computation_time": 0.9860992431640625, "average_rewards": 76.66666666666667, "_wandb": {"runtime": 28}}