{"episode": 400, "difficulty_level": 19, "_runtime": 70, "_timestamp": 1648851344, "_step": 38824, "computation_time": 0.4458427429199219, "average_rewards": 5.128448583221121, "average_compute_time": 0.5161323506141029, "_wandb": {"runtime": 71}}