{"episode": 400, "difficulty_level": 19, "_runtime": 33, "_timestamp": 1648834139, "_step": 4681, "computation_time": 1.9621849060058594, "average_rewards": 14.361161918925276, "average_compute_time": 3.881608732035954, "_wandb": {"runtime": 33}}