{"episode": 400, "difficulty_level": 19, "_runtime": 25, "_timestamp": 1648835607, "_step": 5550, "computation_time": 1.6248226165771484, "average_rewards": 16.75671155494593, "average_compute_time": 1.3601084666410153, "_wandb": {"runtime": 25}}