{"Percentage of Reward Decreased": 26.105467576813496, "Percentage of Reward Decreased1": 0.0, "Delay": 0.147, "Reward": 1422.7645580363928, "Environment Step Time": 0.003, "_runtime": 12, "_timestamp": 1651614060, "_step": 49, "_wandb": {"runtime": 12}}