{"episode": 60, "difficulty_level": 19, "_runtime": 30, "_timestamp": 1648663042, "_step": 493, "computation_time": 1.1751651763916016, "average_rewards": 7.5, "average_compute_time": 1.3625004101030473, "_wandb": {"runtime": 31}}