{"episode": 400, "difficulty_level": 19, "_runtime": 27, "_timestamp": 1648666844, "_step": 1747, "computation_time": 1.5230178833007812, "average_rewards": 9.4, "average_compute_time": 1.1315877579528764, "_wandb": {"runtime": 27}}