{"episode": 400, "difficulty_level": 19, "_runtime": 32, "_timestamp": 1648663963, "_step": 3828, "computation_time": 1.1861324310302734, "average_rewards": 9.25, "average_compute_time": 1.1592715139120398, "_wandb": {"runtime": 33}}