{"episode": 400, "difficulty_level": 19, "_runtime": 38, "_timestamp": 1648664465, "_step": 4677, "computation_time": 1.135110855102539, "average_rewards": 9.25, "average_compute_time": 1.0355090154065811, "_wandb": {"runtime": 33}}