{"computation_time": 0.2238750457763672, "_runtime": 10, "_timestamp": 1644502421, "_step": 6057, "average_rewards": 14.9, "difficulty_level": 19, "average_compute_time": 0.3317386993059402, "_wandb": {"runtime": 11}}