{"episode": 400, "difficulty_level": 19, "_runtime": 32, "_timestamp": 1648664110, "_step": 4252, "computation_time": 1.5990734100341797, "average_rewards": 9.5, "average_compute_time": 0.9914586837704844, "_wandb": {"runtime": 33}}