{"Percentage of Reward Decreased": 44.055136379104034, "Percentage of Reward Decreased1": 0.0, "Delay": 0.147, "Reward": 900.8006251675486, "Environment Step Time": 0.003, "_runtime": 9, "_timestamp": 1651613844, "_step": 49, "_wandb": {"runtime": 9}}