{"episode": 400, "_runtime": 38, "_timestamp": 1644921566, "_step": 31542, "computation_time": 0.5090236663818359, "average_rewards": 9.55, "difficulty_level": 19, "average_compute_time": 0.49300345010281255, "_wandb": {"runtime": 39}}