{"episode": 400, "difficulty_level": 19, "_runtime": 29, "_timestamp": 1644922188, "_step": 23027, "computation_time": 0.6821155548095703, "average_rewards": 9.75, "average_compute_time": 0.4981252153354168, "_wandb": {"runtime": 29}}