{"Percentage of Reward Decreased": -0.44563235420330816, "Percentage of Reward Decreased1": 0.0, "Delay": 0.09, "Reward": -47.081133358428715, "_runtime": 8, "_timestamp": 1651611921, "_step": 9, "_wandb": {"runtime": 8}}