{"Percentage of Reward Decreased": -13.161968156482576, "Percentage of Reward Decreased1": 0.0, "Delay": 0.49, "Reward": -255.68023878819008, "_runtime": 9, "_timestamp": 1651611904, "_step": 49, "_wandb": {"runtime": 11}}