{"Percentage of Reward Decreased": -18.664342712863217, "Percentage of Reward Decreased1": 0.0, "Delay": 0.49, "Reward": -446.38465439906605, "_runtime": 10, "_timestamp": 1651611885, "_step": 49, "_wandb": {"runtime": 10}}