{"Percentage of Reward Decreased": 6.180928496904083, "Percentage of Reward Decreased1": 0.0, "Delay": 0.027, "Reward": 330.69595253527143, "Environment Step Time": 0.003, "_runtime": 8, "_timestamp": 1651613861, "_step": 9, "_wandb": {"runtime": 8}}