{"Percentage of Reward Decreased": -3.1589456703616374, "Percentage of Reward Decreased1": 0.0, "Delay": 0.49, "Reward": -77.68025272467669, "_runtime": 10, "_timestamp": 1651611553, "_step": 49, "_wandb": {"runtime": 11}}