{"Percentage of Reward Decreased": 0.0, "Delay": 0.018000000000000002, "Reward": 70.38931626888088, "_runtime": 13, "_timestamp": 1651591264, "_step": 9, "_wandb": {"runtime": 14}}