{"Percentage of Reward Decreased": -0.8773384342588342, "Percentage of Reward Decreased1": 0.0, "Delay": 0.49, "Reward": -60.23352714944984, "_runtime": 10, "_timestamp": 1651611972, "_step": 49, "_wandb": {"runtime": 10}}