{"computation_time": 0.5772113800048828, "_runtime": 36, "_timestamp": 1644502860, "_step": 35074, "average_rewards": 9.95, "difficulty_level": 19, "average_compute_time": 0.44660054182526104, "_wandb": {"runtime": 36}}