{"Percentage of Reward Decreased": 47.957047057935974, "Percentage of Reward Decreased1": 0.0, "Delay": 0.147, "Reward": 997.4410535932778, "Environment Step Time": 0.003, "_runtime": 20, "_timestamp": 1651613807, "_step": 49, "_wandb": {"runtime": 20}}