{"Percentage of Reward Decreased": 30.682641901141817, "Percentage of Reward Decreased1": 0.0, "Delay": 0.147, "Reward": 1599.2267749411917, "Environment Step Time": 0.003, "_runtime": 12, "_timestamp": 1651613458, "_step": 49, "_wandb": {"runtime": 13}}