{"computation_time": 0.5996227264404297, "_runtime": 26, "_timestamp": 1644503250, "_step": 22906, "average_rewards": 9.85, "difficulty_level": 19, "average_compute_time": 0.5418190555660851, "_wandb": {"runtime": 28}}