{"episode": 400, "difficulty_level": 19, "_runtime": 14, "_timestamp": 1644922100, "_step": 6432, "computation_time": 0.5259513854980469, "average_rewards": 11.8, "average_compute_time": 0.3386136300549536, "_wandb": {"runtime": 14}}