{"computation_time": 0.2281665802001953, "_runtime": 9, "_timestamp": 1644502230, "_step": 5546, "average_rewards": 22.0, "difficulty_level": 19, "average_compute_time": 0.25127152364581035, "_wandb": {"runtime": 10}}