{"Percentage of Reward Decreased": 26.25430674140817, "Percentage of Reward Decreased1": 0.0, "Delay": 0.147, "Reward": 1376.7091746953115, "Environment Step Time": 0.003, "_runtime": 10, "_timestamp": 1651613516, "_step": 49, "_wandb": {"runtime": 11}}