{"episode": 400, "difficulty_level": 19, "_runtime": 30, "_timestamp": 1648666713, "_step": 1729, "computation_time": 1.1370182037353516, "average_rewards": 9.6, "average_compute_time": 1.099622732268844, "_wandb": {"runtime": 30}}