{"computation_time": 0.45609474182128906, "_runtime": 29, "_timestamp": 1644503484, "_step": 27584, "average_rewards": 10.0, "difficulty_level": 19, "average_compute_time": 0.4946809430164586, "_wandb": {"runtime": 29}}