{"episode": 60, "difficulty_level": 19, "_runtime": 32, "_timestamp": 1648663884, "_step": 518, "computation_time": 1.306772232055664, "average_rewards": 9.333333333333334, "average_compute_time": 1.2151476455061403, "_wandb": {"runtime": 31}}