{"episode": 400, "difficulty_level": 19, "_runtime": 35, "_timestamp": 1648835850, "_step": 11289, "computation_time": 2.5129318237304688, "average_rewards": 12.02356801707979, "average_compute_time": 1.3380704341547636, "_wandb": {"runtime": 35}}